,accuracy,relevance,novelty,specificity,feasibility
count,298.0,298.0,298.0,298.0,298.0
mean,9.24496644295302,9.38255033557047,7.567114093959732,9.124161073825503,8.453020134228188
std,0.7180159946457342,0.8336146227176208,0.8935943349325728,0.8536040453417256,0.8642590526173031
min,6.0,5.0,4.0,6.0,6.0
25%,9.0,9.0,7.0,9.0,8.0
50%,9.0,10.0,7.5,9.0,8.0
75%,10.0,10.0,8.0,10.0,9.0
max,10.0,10.0,10.0,10.0,10.0
