,accuracy,relevance,novelty,specificity,feasibility
count,100.0,100.0,100.0,100.0,100.0
mean,8.95,9.17,7.6,9.19,7.99
std,0.7833494518006402,0.6971080231639828,0.7106690545187014,0.8841477092189809,0.7976607212735414
min,7.0,7.0,6.0,7.0,6.0
25%,8.0,9.0,7.0,9.0,8.0
50%,9.0,9.0,7.5,9.0,8.0
75%,9.25,10.0,8.0,10.0,8.0
max,10.0,10.0,10.0,10.0,10.0
